Metric,Value
ATE,0.009314600849717256
RPE,0.001679258502331941
Cumulative Distance,0.0
Average CPU Usage,49.050000000000004
Average Memory Usage,14.175
