Run_ID,ATE,Mean_ATE,CI_ATE,RPE,Mean_RPE,Mean_CI,RMSE,Mean_NEES,Std_Nees,Kolmogorov-Smirnov test (X errors),Kolmogorov-Smirnov test (Y errors),T-test,Wilcoxon signed-rank test,Average_CPU_Usage,Average_Memory_Usage
1,6.58229272002976e-05,5.920268136556909e-05,"(4.495611414586103e-05, 7.344924858527714e-05)",7.504928796218316e-06,6.4481212151753796e-06,"(4.483166394074564e-06, 8.413076036276195e-06)",6.58229272002976e-05,4.1076363905919693e-07,1.8138444257777072e-07,"KstestResult(statistic=0.4999996771045423, pvalue=0.0003185868828227047)","KstestResult(statistic=0.500002705065461, pvalue=0.0003185514773238079)","(7.969370103931212, 9.027220261747195e-07)","(0.0, 0.00043777719457466354)",52.6,11.15
