Metric,Value
ATE,3.1028077526448263
RPE,0.006743519002693475
Cumulative Distance,0.0
Average CPU Usage,41.513207547169806
Average Memory Usage,10.403773584905663
